key,method,family,authors,year,venue,doi,pmid,citations,measured_effects,feasibility_verdict,certificate,infeasibility,heldout_validation,combinatorial,druggability,input_type,output_type,limitation,one_line_delta,cohort
Liu2011,Structural controllability (minimum driver-node set),Structural network control,"Liu, Slotine & Barabási",2011,Nature,10.1038/nature10011,21562557.0,3298.0,no,partial,partial,no,partial,partial,no,Network STRUCTURE (directed weighted graph); assumes linear time-invariant (LTI) dynamics on the topology,Minimum set of driver nodes that render the LTI system structurally controllable (steerable to any state in principle),Assumes idealized LTI dynamics and full continuous actuation; 'controllable in principle' says nothing about whether a target is reachable with the discrete loss/gain-of-function perturbations actually available,"Our controllability question is concrete and data-grounded — is this measured target inside the cone of achievable measured perturbation combinations? — answered with a certificate, versus an abstract LTI structural-controllability count.",core
Gao2014,Target control of complex networks,Structural network control,"Gao, Liu, Slotine & Barabási",2014,Nature Communications,10.1038/ncomms6415,25388503.0,422.0,no,partial,partial,no,no,partial,no,Network STRUCTURE (directed graph); LTI dynamics assumed; a specified subset of target nodes,"Minimum driver-node set required to control a chosen SUBSET (target set) of nodes, rather than the whole network","Still topology + LTI based; 'target set controllable in principle' does not establish achievability of a measured transition with available perturbations, nor certify infeasibility","We target a measured state vector and test membership in a cone of measured effect generators with a Farkas certificate, instead of counting drivers for structural target-controllability of a node subset under LTI assumptions.",core
Mochizuki2013,Feedback vertex set / determining nodes,Structural network control,"Mochizuki, Fiedler et al.",2013,Journal of Theoretical Biology,10.1016/j.jtbi.2013.06.009,23774067.0,193.0,no,partial,partial,no,no,partial,no,Network STRUCTURE (directed regulatory graph); dynamics assumed to be a general ODE system consistent with the topology,Feedback vertex set — a minimal set of 'determining nodes' whose trajectories uniquely determine the dynamics of the whole network (and thus control/monitor its attractors),Purely structural and dynamics-agnostic; identifies determining nodes but neither uses measured effects nor certifies whether a desired transition is achievable,We replace topology-derived determining nodes with measured effect generators and deliver a convex feasibility/infeasibility certificate for a concrete target transition rather than a structural determination result.,core
Zanudo2015,Stable-motif control of Boolean networks,Boolean attractor control,Zañudo & Albert,2015,PLoS Computational Biology,10.1371/journal.pcbi.1004193,25849586.0,248.0,no,partial,partial,no,partial,partial,no,Hand-built/curated discrete (Boolean) network model of regulatory logic,Attractor/steady-state control set — node interventions (fix ON/OFF) that drive the system to a target attractor,"Requires a correct hand-built Boolean model; controls modeled logic, not measured perturbation effects, and offers no provable-infeasibility certificate for a target transition",We combine MEASURED perturbation effect vectors (not a hand-built Boolean model) into a convex cone and return a Farkas/NNLS feasibility certificate — including a proof that a target lies outside the reachable set — rather than searching a modeled attractor landscape.,core
Zanudo2017,Structure-based (feedback-vertex-set + source) control,Boolean attractor control,"Zañudo, Yang & Albert",2017,Proceedings of the National Academy of Sciences,10.1073/pnas.1617387114,28655847.0,282.0,no,partial,partial,no,partial,partial,no,Network STRUCTURE (directed interaction graph/topology) with nonlinear dynamics assumed,Driver/control node set (feedback vertex set + source nodes) that guarantees convergence to any of the system's natural dynamical attractors,Steers only to attractors the model already possesses and needs the true interaction topology; cannot certify reachability/infeasibility of an arbitrary measured target transition,"Our target is an arbitrary measured differential-expression transition tested against a cone of real effect vectors with a numeric feasibility certificate, not a topology-based guarantee of reaching some pre-existing model attractor.",core
Kim2013,Control kernel of biomolecular regulatory networks,Structural network control,"Kim, Park & Cho",2013,Scientific Reports,10.1038/srep02223,23860463.0,117.0,no,partial,partial,no,partial,partial,no,Hand-built/curated Boolean (logical) regulatory network model,Control kernel — a minimal set of nodes whose fixed states determine (control) the network's steady state / cell fate,Depends on a correct hand-built Boolean model and controls modeled logic rather than measured effects; no feasibility/infeasibility certificate for an arbitrary target,"We derive our minimal intervention set from measured effect vectors via sparse NNLS and back it with a convex feasibility certificate, rather than from the logic of a hand-built Boolean model.",core
Joo2018,Boolean relative dynamic stability of cell states,Boolean attractor control,"Joo, Zhou, Huang & Cho",2018,Scientific Reports,10.1038/s41598-018-30544-0,30104572.0,56.0,no,no,partial,no,partial,partial,no,Hand-built/curated Boolean network model of cell-fate regulation,"Relative dynamic stability of cell states (attractor stability / transition propensities), used to prioritize control interventions between states",Depends on a hand-built Boolean model and reports stability/propensity rather than achievability; no certificate for a measured target transition,Joo et al. rank Boolean-model state stability; we test measured reachability of a specific transition and certify feasibility or prove it lies outside the achievable cone.,core
Marazzi2022,NETISCE (attractor/steady-state steering),Boolean attractor control,"Marazzi, Shah et al.",2022,npj Systems Biology and Applications,10.1038/s41540-022-00231-y,35725577.0,17.0,no,no,no,no,partial,partial,no,Inferred or curated network model + steady-state (RNA/omics) values; simulates dynamics via a signal-flow (SFA-style) propagation,Ranked set of control targets (nodes to perturb) predicted to steer the system from an initial toward a desired attractor/steady state,Prediction/ranking pipeline over an inferred network with simulated dynamics; no measured-effect grounding and no certificate that the target is (or is not) reachable,"We answer reachability with a convex program over measured effect vectors and emit a certificate, whereas NETISCE simulates an inferred network and ranks candidate control sets without any feasibility guarantee.",core
Rukhlenko2022,cSTAR (cell-State Transition Assessment & Regulation),Control from data,"Rukhlenko, Halász, Kholodenko et al.",2022,Nature,10.1038/s41586-022-05194-y,36104561.0,89.0,partial,no,no,no,partial,partial,no,Data-derived: builds a mechanistic signaling/regulatory model and a 'state-transition' vector (STV) from omics + a data-defined cell-state separating surface (SVM),Predicted perturbations / driver signaling nodes that move cells along the state-transition vector between defined cell states,Relies on a fitted mechanistic model and a linear state-transition direction; no convex reachability certificate and no proof when a target is unattainable from available perturbations,"cSTAR fits a mechanistic model and predicts drivers along a state-transition vector; we instead certify whether the transition lies in the cone spanned by MEASURED perturbation effects, returning a provable verdict and an activation certificate when it does not.",core
Ronquist2017,Control-theoretic cellular reprogramming (LTI from Hi-C/time-series),Control from data,"Ronquist, Patterson, Rajapakse et al.",2017,Proceedings of the National Academy of Sciences,10.1073/pnas.1712350114,29078370.0,41.0,partial,partial,partial,no,partial,partial,no,Data-derived linear time-invariant (LTI) model built from time-series and Hi-C / genome-architecture data,Control input (set/combination of genes) computed via control theory to drive the LTI cell-state model toward a target expression state,"Reachability holds only for the fitted linear surrogate; assumes LTI dynamics and full actuation, so it cannot certify achievability with the discrete real perturbations nor prove infeasibility",We avoid fitting a dynamical (LTI) surrogate: reachability is decided directly on measured perturbation effect vectors as a convex-cone membership test with a Farkas certificate.,core
Wytock2024,Transfer-learned functional-network control,Control from data,Wytock & Motter,2024,Proceedings of the National Academy of Sciences,10.1073/pnas.2312942121,38437548.0,8.0,no,no,no,no,partial,partial,no,Learned functional gene-network / expression model (transfer learning across cell types) from transcriptomic data,Predicted transcription-factor perturbations / control interventions for direct cell reprogramming,Learned-model prediction of drivers; does not test convex reachability of a specific target nor certify infeasibility from available perturbations,"Where Wytock & Motter learn a functional network to predict reprogramming TFs, we test a target transition for membership in a cone of measured effects and return a provable feasibility/infeasibility certificate.",core
Rackham2016,Mogrify (network-influence TF predictor),TF-reprogramming predictor,Rackham et al. (Mogrify),2016,Nature Genetics,10.1038/ng.3487,26780608.0,306.0,no,no,no,no,partial,partial,no,"Inferred regulatory-influence network + gene-expression signatures (e.g., FANTOM5) across cell/tissue types",Ranked set of transcription factors predicted to convert a source cell type into a target cell type,Ranks TFs from an inferred network + expression atlas; no measured-perturbation cone and no certificate of whether a target conversion is achievable or provably not,"Mogrify ranks candidate TF cocktails from an inferred influence network; we decide reachability of the target state from MEASURED perturbation effects and, when unreachable, name the genes that must be activated via a Farkas certificate.",core
Cahan2014,CellNet (GRN cell-identity assessment),TF-reprogramming predictor,Cahan et al. (CellNet),2014,Cell,10.1016/j.cell.2014.07.020,25126793.0,545.0,no,no,no,no,partial,partial,no,Inferred gene-regulatory networks (GRNs) from large expression compendia + a cell-type classifier,Cell-identity/GRN status ASSESSMENT of engineered cells plus prioritized transcriptional regulators to improve a conversion,Assesses identity and recommends regulators from inferred GRNs; does not test convex reachability of a target transition or certify infeasibility,CellNet grades cell identity against inferred GRNs and suggests regulators; we instead give a data-grounded yes/no reachability verdict for the transition with a convex certificate and an explicit activation set.,core
Kamimoto2023,CellOracle,GRN + in-silico perturbation,Kamimoto et al.,2023,Nature,10.1038/s41586-022-05688-9,36755098.0,656.0,partial,no,no,no,partial,partial,no,"Inferred GRN (base GRN from scATAC-seq/motif scan, pruned by scRNA-seq regression) + scRNA-seq.",Predicted cell-identity/state shift from in-silico TF knockout or overexpression: perturbation signal propagated through the linear GRN model and projected as a transition vector onto a differentiation/pseudotime field.,"Predicts a response on an INFERRED network rather than measuring it; can only perturb TFs present in the base GRN; gives a predicted shift, not a data-grounded reachable/not-reachable verdict or certificate; prediction robustness has been questioned.","We assemble MEASURED perturbation effect vectors as convex-cone generators and return a falsifiable reachable/not-reachable verdict with a Farkas activation certificate, instead of propagating a perturbation through an inferred network to predict a directional shift.",core
Wang2023Dictys,Dictys,GRN + in-silico perturbation,Wang et al.,2023,Nature Methods,10.1038/s41592-023-01971-3,37537351.0,107.0,no,no,no,no,partial,partial,no,"Inferred context-specific/dynamic GRN from single-cell multiomics (scRNA + scATAC) with TF footprinting, resolved along a developmental trajectory.",Reconstructed dynamic GRN plus in-silico perturbation / regulatory-driver analysis: predicted network-level effect and TF influence/logFC across cell states.,"Outputs are bounded by GRN-inference accuracy and describe predicted influence/effect, not whether a target transition is achievable; no certificate.","We reconstruct no network at all — we test whether a target transition lies in the cone spanned by real measured perturbation signatures, yielding a certificate rather than a dynamic-network prediction.",core
Aibar2017,SCENIC,GRN + in-silico perturbation,Aibar et al.,2017,Nature Methods,10.1038/nmeth.4463,28991892.0,6993.0,no,no,no,no,partial,no,no,scRNA-seq expression; co-expression modules (GENIE3/GRNBoost) refined by motif enrichment (cisTarget) into regulons.,"Regulons (TF + target gene sets) and per-cell regulon activity (AUCell) — a TF-activity / cell-state characterization. It is a network-inference + activity-scoring layer, not an in-silico perturbation simulator.",Infers regulatory activity but does not predict perturbation outcomes or achievability; it is the foundational inference layer that downstream in-silico-perturbation tools depend on (inheriting its inference error).,"SCENIC scores which regulons are active; we invert the question — given measured perturbation effects, we certify whether a desired state change is reachable and, if not, which genes must be activated.",core
BravoGonzalezBlas2023,SCENIC+,GRN + in-silico perturbation,Bravo Gonzalez-Blas et al.,2023,Nature Methods,10.1038/s41592-023-01938-4,37443338.0,695.0,no,no,no,no,partial,partial,no,Single-cell multiome (scRNA + scATAC / 10x Multiome); enhancer-driven GRNs (eRegulons linking TF -> enhancer -> gene) via motif + region-to-gene modeling.,Enhancer-GRN (eRegulons) with TF/enhancer/gene activity; supports in-silico TF perturbation simulation over the inferred enhancer network.,"Depends on a noisy enhancer-GRN inference step (motif scan + multiome region-to-gene); yields predicted effects/rankings, not a data-grounded achievability certificate.","We bypass enhancer/GRN inference and its errors, using measured effect vectors directly to produce a provable reachability verdict with a certificate.",core
Xu2021,ANANSE,GRN + in-silico perturbation,Xu et al.,2021,Nucleic Acids Research,10.1093/nar/gkab598,34244796.0,98.0,no,no,no,no,partial,partial,no,Enhancer activity (H3K27ac/ATAC) + expression to build cell-type-specific TF-gene networks for a source and a target cell state.,"Ranked key/influential TFs for a specified cell-fate transition, scored from the differential (source vs target) regulatory network 'influence' score.","Produces a prioritized TF list from an inferred differential network, not a measured-effect reachability verdict; no certificate of achievability or infeasibility.","ANANSE ranks candidate TF drivers for a transition; we instead certify whether the transition is achievable at all from the available measured perturbations, and via Farkas name the genes that must be activated if it is not.",core
Osorio2022,scTenifoldKnk,GRN + in-silico perturbation,Osorio et al.,2022,Patterns,10.1016/j.patter.2022.100434,35510185.0,157.0,no,no,no,no,partial,partial,no,A single-cell GRN inferred from one scRNA-seq sample (tensor-decomposition-denoised network).,"Virtual knockout: the gene's row is zeroed in the inferred network, the network is re-embedded and manifold-aligned to the wild-type, and a distance test returns the genes predicted to be differentially regulated after the in-silico deletion.","Loss-of-function only, on a single inferred network; predicts a KO's gene-level effect, not whether a target CELL-STATE transition is reachable, and gives no certificate or activation prescription.","scTenifoldKnk predicts which genes change after a virtual KO on an inferred network; we test reachability of a whole target transition from measured effects and, via Farkas, prescribe the required activations.",core
Pratapa2020,BEELINE,GRN + in-silico perturbation,Pratapa et al.,2020,Nature Methods,10.1038/s41592-019-0690-6,31907445.0,825.0,no,no,no,no,partial,no,no,scRNA-seq (curated real datasets plus synthetic/simulated datasets with known ground-truth networks); evaluates 12 GRN-inference algorithms.,"Benchmark evaluation: accuracy and stability rankings of GRN-inference methods (AUPRC/AUROC vs ground truth, early-precision, robustness).",Documents that GRN inference is itself error-prone and strongly method-dependent — the exact inference step that every in-silico-perturbation method in this family relies on — and provides no perturbation or achievability output of its own.,"BEELINE quantifies how unreliable GRN inference is; our method sidesteps inference entirely by using measured perturbation effects, so those accuracy caveats never propagate into our verdict.",core
Wang2023CEFCON,CEFCON,GRN + in-silico perturbation,Wang et al.,2023,Nature Communications,10.1038/s41467-023-44103-3,38123534.0,25.0,no,no,partial,no,partial,partial,no,A cell-lineage-specified GRN (inferred from scRNA-seq) analyzed with a graph neural network plus network control theory.,"Ranked driver regulators of cell-fate decisions and gene-influence scores, with a minimal driver (control) node set derived from network controllability.","Control-theoretic drivers are computed on an INFERRED network and yield a ranked/critical set, not a measured-effect achievability certificate or a data-grounded gain-of-function prescription.","CEFCON applies control theory to an inferred network to rank drivers; we apply a convex feasibility test to cones of MEASURED effects, giving a provable verdict plus a Farkas activation certificate rather than a driver ranking.",core
Cannoodt2021,dyngen,GRN + in-silico perturbation,Cannoodt et al.,2021,Nature Communications,10.1038/s41467-021-24152-2,34168133.0,129.0,no,no,no,no,no,partial,no,A user-defined/backbone mechanistic gene-regulatory network model (thermodynamic + stochastic-simulation kinetics) — it generates synthetic data rather than consuming real screens.,"Synthetic single-cell datasets with a known ground-truth GRN, trajectories, and optional simulated knockdown/perturbation data for benchmarking downstream methods.","Produces SIMULATED data from an assumed network; the 'ground truth' is model-defined rather than measured, and it offers no achievability verdict or certificate for a real target transition.",dyngen fabricates synthetic perturbation data from an assumed network for benchmarking; we operate on REAL measured perturbation screens and return a certified achievability verdict for a real target transition.,core
Roohani2023,GEARS,Perturbation-response prediction,Roohani et al.,2023,Nature Biotechnology,10.1038/s41587-023-01905-6,37592036.0,309.0,yes,no,no,no,yes,yes,no,scRNA-seq Perturb-seq (measured perturbations) + a prior gene-gene knowledge graph (GO/co-expression) as inductive bias,Predicted post-perturbation expression profile (differential response) for unseen single- and two-gene genetic perturbations,"Predicts the response to a chosen perturbation, not whether a desired target state is achievable; returns a plausible answer for any query even when the target lies outside what the measured perturbations can reach, and never certifies impossibility","We pose the inverse of GEARS: instead of predicting a perturbation's response, we test whether a target transition lies in the convex cone spanned by measured effect vectors, and when it does not we emit a Farkas certificate naming genes to activate.",core
Lotfollahi2023,CPA (Compositional Perturbation Autoencoder),Perturbation-response prediction,Lotfollahi et al.,2023,Molecular Systems Biology,10.15252/msb.202211517,37154091.0,272.0,yes,no,no,no,yes,yes,no,"Single-cell expression with perturbation/covariate labels (drug, dose, genetic, cell type) — measured screen data","Predicted (counterfactual) expression response for new combinations of perturbations/doses/covariates, plus interpretable additive latent embeddings",Produces a predicted response for any composition under a latent-additivity assumption; gives no data-grounded verdict on whether a target state is reachable and no certificate when it is not,CPA composes learned latent perturbation vectors to predict a response; we compose measured effect vectors under a nonnegativity constraint to decide reachability and certify infeasibility.,core
Hetzel2022,chemCPA,Perturbation-response prediction,Hetzel et al.,2022,NeurIPS 2022 (arXiv:2204.13545),10.48550/arXiv.2204.13545,,42.0,yes,no,no,no,yes,no,yes,Single-cell expression + drug chemical structure (molecular encoder) + dose,Predicted single-cell transcriptional response to novel (unseen) drug molecules at given doses,"Predicts a drug's response signature but cannot say whether a desired cell state is reachable by the available perturbations, and offers no infeasibility certificate",chemCPA predicts responses to unseen drugs; we do not predict a response at all but certify whether a target state is reachable by combining measured genetic effect vectors.,core
Lotfollahi2019,scGen,Perturbation-response prediction,Lotfollahi et al.,2019,Nature Methods,10.1038/s41592-019-0494-8,31363220.0,696.0,yes,no,no,no,yes,no,no,Single-cell expression + condition labels; VAE latent space with vector arithmetic,Predicted expression of an unseen cell type/species in a perturbed condition via a learned latent delta (out-of-distribution response prediction),Adds one learned latent delta to predict a stimulated state; provides no verdict on reachability of an arbitrary target and no certificate of impossibility,scGen adds a single learned latent delta to predict a stimulated state; we test membership of a target delta in a convex cone of many measured deltas and certify when it is outside.,core
Piran2024,Biolord,Perturbation-response prediction,Piran et al.,2024,Nature Biotechnology,10.1038/s41587-023-02079-x,38225466.0,63.0,yes,no,no,no,yes,partial,no,Single-cell expression + known attributes (ordered and categorical labels); disentangled representation learning,"Predicted (generative) expression for unseen attribute combinations — e.g., unseen dose/perturbation/cell-state combinations","Generates expression for unseen attribute combinations but does not decide whether a target combination of states is reachable, nor certify infeasibility",Biolord disentangles attributes to generate unseen combinations; we use measured effect vectors to decide and certify whether a target combination of states is reachable.,core
Cui2024,scGPT,Foundation model,Cui et al.,2024,Nature Methods,10.1038/s41592-024-02201-0,38409223.0,1073.0,yes,no,no,no,yes,yes,no,"Large-scale single-cell transcriptomes (33M+ cells) for transformer pretraining; fine-tuned per task, including perturbation prediction","Task-dependent; for perturbation, predicted post-perturbation expression; also cell/gene embeddings, annotation, GRN inference",A general-purpose pretrained model that outputs responses; provides no data-grounded reachable/not-reachable verdict and no certificate,scGPT is a pretrained model fine-tuned to output responses; we run a convex feasibility program on measured effect vectors to return a certified reachable/not-reachable verdict.,core
Theodoris2023,Geneformer,Foundation model,Theodoris et al.,2023,Nature,10.1038/s41586-023-06139-9,37258680.0,1051.0,no,no,no,no,partial,partial,no,~30M single-cell transcriptomes rank-value encoded for transformer pretraining; enables in-silico perturbation of the learned model,"In-silico deletion/activation predictions of network shifts, disease-driver gene rankings, and embedding-based cell-state classification","Ranks candidate regulators by perturbing a learned embedding, not measured effect vectors; gives no data-grounded reachability verdict and no infeasibility certificate",Geneformer perturbs a learned embedding to rank candidate regulators; we operate on measured effect vectors and return a provable feasibility certificate rather than a ranking.,core
Hao2024,scFoundation,Foundation model,Hao et al.,2024,Nature Methods,10.1038/s41592-024-02305-7,38844628.0,473.0,yes,no,no,no,yes,partial,no,"~50M single-cell transcriptomes, read-depth-aware transformer pretraining; embeddings feed downstream task models (e.g., GEARS)","Cell/gene embeddings that boost downstream perturbation-response prediction, drug-response prediction and annotation",Provides embeddings that improve response prediction but never emits a reachability verdict or infeasibility certificate,scFoundation supplies embeddings that improve response prediction; our oracle bypasses embeddings and tests reachability directly on measured differential-expression vectors with a certificate.,core
Norman2019,Genetic-interaction manifolds (Norman combinatorial Perturb-seq),Combinatorial data / OT / design,Norman et al.,2019,Science,10.1126/science.aax4438,31395745.0,376.0,yes,no,no,no,partial,yes,no,"Measured combinatorial CRISPRa Perturb-seq (single + double perturbations), rich single-cell phenotypes","Genetic-interaction manifold and GI classification (synergy, additivity, epistasis, suppression); a low-dimensional map of combined phenotypes (data resource)","Characterizes combinations that were actually assayed; does not decide whether a new, unassayed target state is reachable, and provides no feasibility program or certificate",Norman provides the measured combinatorial effect vectors; we build a convex-cone reachability oracle on top of such measured effects to certify achievability of unseen target states.,core
Schiebinger2019,Waddington-OT,Combinatorial data / OT / design,Schiebinger et al.,2019,Cell,10.1016/j.cell.2019.01.006,30712874.0,855.0,yes,no,no,no,partial,no,no,Time-series scRNA-seq (measured); optimal-transport couplings between consecutive timepoints,"Developmental trajectories, ancestor-descendant transport maps, fate probabilities, and putative regulatory drivers of transitions","Maps how cells do transition over observed time under natural dynamics; it does not tell you whether a transition is achievable by available perturbations, nor certify when it is impossible",Waddington-OT maps observed temporal transitions via optimal transport; we solve a different convex program — reachability of a target by combining measured perturbation effects — and certify when it is impossible.,core
Lange2022,CellRank,Combinatorial data / OT / design,Lange et al.,2022,Nature Methods,10.1038/s41592-021-01346-6,35027767.0,783.0,no,no,no,no,partial,no,no,scRNA-seq with RNA-velocity / pseudotime / similarity kernels combined into a Markov transition matrix,"Initial and terminal state identification, fate probabilities, and driver-gene rankings toward each fate",Describes spontaneous fate transitions and ranks drivers; it does not decide perturbation-reachability of a target fate nor emit an infeasibility certificate,"CellRank estimates fate probabilities along observed dynamics; we test and certify whether a desired fate is reachable by combining measured perturbations, independent of spontaneous dynamics.",core
Huang2024,IterPert (sequential optimal experimental design of perturbation screens),Combinatorial data / OT / design,Huang et al.,2024,RECOMB 2024 (Lecture Notes in Computer Science),10.1007/978-1-0716-3989-4_2,,7.0,yes,no,no,no,yes,partial,no,"Multi-modal priors (ontologies, pathways, protein/literature embeddings) + measured Perturb-seq feedback in an active-learning loop",A batch acquisition policy — which perturbations to assay next to learn the screen most label-efficiently,"Optimizes which experiments to run next, not whether a target cell state is reachable from the measured effects; produces no reachability verdict or certificate","IterPert decides which perturbations to measure next; given the measured effects, we decide whether a target is reachable and certify infeasibility — complementary to, not competing with, experimental design.",core
Cifuentes-Fontanals2025,Trap-space-based control strategy identification (ASP),Structural / Boolean network control,"Laura Cifuentes-Fontanals, Elisa Tonello et al.",2025,BMC Bioinformatics,10.1186/s12859-025-06135-y,41057758.0,1.0,no,partial,partial,no,no,yes,no,Boolean network model (logical update rules),control-set (node/edge interventions),"relies on a pre-specified/inferred Boolean logic network rather than directly measured perturbation effects, and provides no dual infeasibility proof or minimal-recipe optimality guarantee when no strategy exists","Their method searches percolation and trap-space reachability inside a hand-built/inferred Boolean logic model, whereas our oracle uses measured CRISPRi effect vectors to define a convex cone and returns a provably minimal recipe or a Farkas/KKT certificate proving infeasibility and naming genes needing activation, with held-out-gene and null validation plus CRISPRa transfer.",2025-2026
Metzcar2025,Boolean network stable-motif/exhaustive control + multiscale ABM translation,Structural / Boolean network control,"John Metzcar, Katie Pletz et al.",2025,arXiv (Cornell University),10.48550/arxiv.2501.16052,,0.0,no,partial,partial,no,no,partial,no,Boolean network model (curated logic rules) of a cell-survival network + continuous multicellular agent-based model parameters,control-set (candidate node interventions) + simulated population/spatial trajectories,"relies on a curated/inferred discrete Boolean logic network rather than measured perturbation-effect vectors, uses implicit-time attractor logic with heuristic discrete-to-continuous thresholding, and provides no infeasibility proof or minimal-recipe guarantee at the multicellular scale","Our oracle composes measured CRISPRi effect vectors into a convex cone and returns a falsifiable verdict—reachable with a minimal recipe or provably infeasible with a Farkas certificate naming genes to activate—whereas this method searches/simulates interventions on an inferred Boolean logic network and only forward-simulates their multicellular consequences, with no measured-effect basis, no minimal-recipe guarantee, and no formal infeasibility proof.",2025-2026
Murrugarra2025,Modular Boolean Network Control,Structural / Boolean network control,"David Murrugarra, Alan Veliz‐Cuba et al.",2025,Bulletin of Mathematical Biology,10.1007/s11538-025-01471-9,40461704.0,1.0,no,partial,partial,partial,no,yes,no,Boolean network model (logical update rules) of a gene regulatory network,control-set (minimal node interventions driving network to a target attractor),"depends on a hand-curated/inferred Boolean logic model rather than measured perturbation effect vectors, and offers no quantitative infeasibility proof or minimal-recipe certificate when a target is unreachable","Our oracle certifies reachability directly from measured CRISPRi effect vectors via a convex cone, returning either a minimal knockdown recipe or a Farkas infeasibility certificate naming genes to activate, whereas this method finds control sets by algebraic/canalizing decomposition of a pre-specified Boolean logic model with no such measured-data-grounded feasibility guarantee.",2025-2026
Trinh2025,biobalm (succession diagram mapper),Structural / Boolean network control,"Van-Giang Trinh, Kyu Hyong Park et al.",2025,Bioinformatics,10.1093/bioinformatics/btaf280,40327535.0,5.0,no,partial,partial,no,yes,partial,no,Boolean network model (logic rules),"attractor-set + control-set (succession diagram, stable motifs)","relies on a hand-curated/inferred Boolean logic model rather than measured perturbation-effect vectors; no convex-cone feasibility proof or Farkas infeasibility certificate, and no minimal quantitative recipe","biobalm analyzes a given Boolean logic model's attractor landscape and derives discrete control strategies, whereas our oracle uses measured CRISPRi effect vectors to issue a falsifiable reachable/infeasible verdict with a minimal knockdown recipe or a Farkas certificate naming genes to activate instead.",2025-2026
Vecchio2026,Biomolecular feedback/feedforward control design,Structural / Boolean network control,Domitilla Del Vecchio,2026,Open MIND,10.48550/arxiv.2601.20135,,0.0,no,partial,partial,no,no,no,no,ODE/dynamical models of the biomolecular 'plant' + known perturbation/disturbance structure,control-law / circuit architecture (feedback or feedforward controller) driving a regulator to a set-point,requires an explicit mechanistic (ODE) plant model and hand-designed biomolecular controller rather than measured combinatorial perturbation data; no systematic reachability/infeasibility proof or minimal-recipe search over gene sets,"This paper engineers a model-based feedback/feedforward controller to hold one known regulator at a set-point, whereas our oracle uses measured multi-gene knockdown effect vectors to give a data-driven, certificate-backed verdict (reachable-with-minimal-recipe or Farkas-infeasible-with-named-activation-targets) over the whole combinatorial cell-state-shift space.",2025-2026
Yang2026,Computational blueprints for cell fate programming (review/framework),Structural / Boolean network control,Pengyi Yang,2026,Stem Cell Reports,10.1016/j.stemcr.2026.102929,42208532.0,0.0,partial,no,no,no,no,partial,partial,"scRNA-seq/spatial multi-omics + literature priors + perturbation screen data (synthesized survey, not a single algorithm)",narrative framework/pipeline recommendations + prioritized TF/small-molecule lists,"relies on inferred GRNs/annotation/trajectory tools with no measured-effect convex structure, no certificate of infeasibility, no minimal recipe guarantee - it is a qualitative pipeline synthesis, not a solver","This review surveys heuristic, correlation-based computational tools for prioritizing TFs/molecules within an iterative design-test-learn loop, whereas our oracle uses measured CRISPRi effects to build a convex cone yielding a provable reachable/infeasible verdict with a minimal recipe or Farkas certificate naming genes to activate instead.",2025-2026
Funk2025,Airqtl,GRN + in-silico perturbation,"Matthew W. Funk, Yuhe Wang et al.",2025,bioRxiv (Cold Spring Harbor Laboratory),10.1101/2025.01.15.633041,,1.0,no,no,no,no,yes,no,no,single-cell eQTL data (genotype + scRNA-seq across cell states),cell state-specific causal gene regulatory network (eQTL-based edges),"relies on inferred/correlational GRN from eQTL associations rather than measured perturbation effects; no reachability or infeasibility guarantee, no minimal recipe","Airqtl statistically infers causal regulatory edges from genotype-expression correlations across cell states, whereas our oracle uses measured CRISPRi effect vectors to issue a falsifiable reachable/infeasible verdict with a minimal knockdown recipe or a Farkas certificate naming genes to activate instead.",2025-2026
Huang2025,SMOGT (heterogeneous graph transformer for HRNet),GRN + in-silico perturbation,"Yuhong Huang, Chao Liu et al.",2025,Briefings in Bioinformatics,10.1093/bib/bbaf664,41643202.0,0.0,partial,no,no,no,partial,partial,no,single-cell multi-omics (scRNA-seq + scATAC-seq) + ChIP-seq/HiC priors,embedding / regulatory network (TF-CRE-TG edges) + in silico perturbation trajectory prediction,"relies on an inferred/learned heterogeneous GRN (attention weights, not measured causal effects), giving only forward simulation of specified perturbations with no reachability proof, no minimal recipe, and no infeasibility certificate","SMOGT learns a hierarchical attention-weighted network from multi-omics correlations and forward-simulates given perturbations, whereas our oracle composes measured CRISPRi effect vectors into a convex cone to return a falsifiable reachable/infeasible verdict with a minimal knockdown recipe or a Farkas certificate naming genes needing activation.",2025-2026
Ota2025,Regulator-Program-Trait causal graph,GRN + in-silico perturbation,"Mineto Ota, Jeffrey P. Spence et al.",2025,Nature,10.1038/s41586-025-09866-3,41372418.0,10.0,partial,no,no,no,no,no,no,Perturb-seq-derived GRNs + LoF burden gene-trait effect sizes,causal graph / mechanistic pathway ranking,"relies on inferred GRN structure and correlational burden-test effect sizes to build explanatory graphs, with no reachability query, no minimal perturbation recipe, and no infeasibility certificate","This method infers an explanatory regulator-to-trait causal graph from statistical associations, whereas our oracle uses measured knockdown effects to give a falsifiable convex-cone verdict—reachable with a minimal recipe or provably infeasible with a Farkas certificate naming genes to activate.",2025-2026
Corridori2026,IGNITE (kinetic Ising GRN inference),GRN + in-silico perturbation,"Clelia Corridori, Merrit Romeike et al.",2026,PLoS computational biology,10.1371/journal.pcbi.1014067,41984780.0,0.0,no,no,no,no,yes,partial,no,unperturbed scRNA-seq data (no priors),prediction (simulated gene expression under KO/perturbation),relies on an inferred (not measured) GRN via Ising inverse problem; purely forward simulation with no reachability/infeasibility proof or minimal-recipe guarantee,"IGNITE forward-simulates expression changes from a statistically inferred GRN for user-chosen knockouts, whereas our oracle uses measured perturbation effects to define a convex cone and returns a provable reachable/infeasible verdict with a minimal knockdown recipe or a Farkas certificate naming genes to activate instead.",2025-2026
Feng2026,CellPolaris,GRN + in-silico perturbation,"Guihai Feng, Xin Qin et al.",2026,Advanced Science,10.1002/advs.202508697,41498638.0,1.0,no,no,no,no,partial,partial,no,unperturbed bulk/single-cell transcriptomic data + pre-built high-confidence GRN priors,GRN / ranking (master TFs) / forward simulation of perturbation effects,"relies on transfer-learned/inferred GRN edges (correlational, not measured knockdown effects), so predictions are unfalsifiable estimates with no proof of infeasibility or minimality","CellPolaris forward-simulates perturbation outcomes on an inferred, correlational GRN with no reachability guarantee, whereas our oracle uses measured CRISPRi effect vectors in a convex cone to return a falsifiable verdict—either a minimal knockdown recipe reaching the target or a Farkas/KKT certificate proving it unreachable and naming genes to activate instead.",2025-2026
He2026,scMagnifier,GRN + in-silico perturbation,"Zhenhui He, Kangning Dong",2026,PLoS Computational Biology,10.1371/journal.pcbi.1014167,42313807.0,0.0,no,no,no,no,partial,partial,no,unperturbed scRNA-seq + inferred cluster-specific GRN priors,consensus clustering + rpcUMAP embedding,"relies on an inferred (not measured) GRN and simulated perturbation propagation, with no reachability proof, no minimal recipe, and no infeasibility certificate - it amplifies signal for clustering, it does not test whether any target expression shift is achievable","scMagnifier forward-simulates in silico TF perturbations on an inferred GRN purely to sharpen cell-subtype clustering, whereas our oracle uses measured CRISPRi effect vectors as convex-cone generators to return a falsifiable reachable/infeasible verdict, a minimal knockdown recipe, or a Farkas certificate naming genes needing activation.",2025-2026
Adduri2025,State (transformer perturbation model),Perturbation-response prediction,"Abhinav Adduri, Dhruv Gautam et al.",2025,bioRxiv (Cold Spring Harbor Laboratory),10.1101/2025.06.26.661135,,63.0,partial,no,no,no,yes,partial,no,"scRNA-seq (unperturbed + Perturb-seq, 100M+ perturbed cells, 167M observational cells)",prediction (predicted expression shift / cell embedding),"correlational transformer prediction with no minimal-recipe or infeasibility proof; forward-only, no guarantee predicted shift is actually achievable","State forward-predicts expression changes for given perturbations via learned embeddings with no guarantees, whereas our oracle uses measured knockdown effects in a convex cone to return a provable reachable/unreachable verdict, minimal knockdown recipe, or Farkas infeasibility certificate naming genes to activate instead.",2025-2026
Chang2025,PertSpectra,Perturbation-response prediction,"Seowon Chang, Anna Shcherbina et al.",2025,Pacific Symposium on Biocomputing,10.1142/9789819824755_0033,41758161.0,0.0,partial,no,no,no,yes,yes,no,single/combinatorial Perturb-seq scRNA-seq + gene-gene interaction graph prior,sparse latent factor embedding + predicted expression for unseen combinations,correlational latent factorization with no reachability proof or minimal recipe; requires prior interaction graph and offers no infeasibility certificate,"PertSpectra forward-predicts perturbation effects via a regularized factorization embedding, whereas our oracle poses reachability as a convex-cone feasibility problem over measured knockdown effects, returning either a minimal recipe or a Farkas infeasibility certificate naming genes to activate instead.",2025-2026
Han2025,PAIRING,Perturbation-response prediction,"Young-Hyun Han, Hyunjin Kim et al.",2025,Cell Systems,10.1016/j.cels.2025.101405,40997798.0,0.0,partial,partial,no,no,partial,partial,no,scRNA-seq transcriptomes (basal + perturbed states) across datasets,ranked/predicted optimal perturbation (latent-space match) + simulated expression shifts,"relies on a learned generative latent embedding (VAE-like decomposition) fit to observed data; perturbation-effect vectors are inferred/embedded rather than directly measured, so there is no convex-cone structure, no guarantee that a returned 'optimal' perturbation is truly achievable, and no way to certify that a target state is infeasible or to name required activations","PAIRING picks the perturbation whose learned latent-space effect vector is closest to the desired transition, giving a best-match suggestion with no guarantee of reachability or achievability, whereas our oracle uses measured knockdown effects to build an explicit convex cone and returns a provable verdict-either a minimal reachable recipe or a Farkas/KKT certificate proving infeasibility and naming genes that must be activated instead.",2025-2026
He2025,Squidiff (diffusion),Perturbation-response prediction,"Siyu He, Yuefei Zhu et al.",2025,Nature Methods,10.1038/s41592-025-02877-y,41184550.0,21.0,partial,no,no,no,yes,partial,no,single-cell states + perturbation/differentiation conditions,diffusion-generated predicted cellular responses/trajectories (forward generation),diffusion generator of responses; no feasibility geometry,Squidiff samples plausible responses; we certify whether the desired response is reachable at all from measured knockdowns.,2025-2026
Klein2025a,CellFlow (flow matching),Perturbation-response prediction,"Dominik Klein, Jonas Simon Fleck et al.",2025,bioRxiv (Cold Spring Harbor Laboratory) [preprint],10.1101/2025.04.11.648220,,34.0,partial,no,no,no,yes,partial,no,single-cell states + perturbation conditions (genetic/chemical/cytokine/morphology),generative prediction of perturbed cell-state distributions via flow matching (forward generation),generates predicted distributions; cannot prove a target state is unreachable or name genes to activate,CellFlow flow-matches predicted post-perturbation distributions; our oracle returns a yes/no reachability verdict with a minimal recipe or infeasibility proof.,2025-2026
Liu2025,SCCVAE,Perturbation-response prediction,"Emily Liu, Jiaqi Zhang et al.",2025,bioRxiv (Cold Spring Harbor Laboratory),10.1101/2025.06.05.657988,40501829.0,1.0,partial,no,no,no,yes,partial,no,Perturb-seq scRNA-seq + learned gene regulatory network,prediction,"relies on an inferred (learned) GRN and correlational VAE latent space rather than measured perturbation effects, is forward-only with no minimal recipe or infeasibility proof","SCCVAE forward-simulates transcriptomic responses from a learned regulatory network and generative latent space, whereas our oracle uses measured CRISPRi effect vectors in a convex cone to return a falsifiable reachable/infeasible verdict with a minimal knockdown recipe or a Farkas certificate naming genes to activate.",2025-2026
Miladinovic2025,Large Perturbation Model (LPM),Perturbation-response prediction,"Djordje Miladinovic, Tobias Höppe et al.",2025,Nature Computational Science,10.1038/s43588-025-00870-1,41094040.0,5.0,partial,no,no,no,yes,partial,no,heterogeneous perturbation experiments (transcriptomic readouts across chemical/genetic perturbations + context),embedding + predicted post-perturbation transcriptome,"learned deep embedding over inferred/correlational representations, forward-only with no minimal recipe or infeasibility proof","LPM forward-predicts post-perturbation transcriptomes and learns disentangled embeddings via deep learning, whereas our oracle uses measured knockdown effects as a convex cone to issue a falsifiable reachable/infeasible verdict with a minimal recipe or Farkas certificate naming genes to activate.",2025-2026
Wong2025,Baseline mean/linear control for perturbation prediction,Perturbation-response prediction,"Daniel R. Wong, Abby S. Hill et al.",2025,Bioinformatics,10.1093/bioinformatics/btaf317,40407144.0,12.0,yes,no,no,no,yes,partial,no,Perturb-seq scRNA-seq (single/combo genetic perturbations) + gene embeddings for foundation-model fine-tuning,prediction,"correlational forward regression baseline with no convex structure, no minimal-recipe search, and no certificate of infeasibility when a target state is unreachable","This baseline only forecasts expression shifts for perturbations the user already specifies, whereas our convex-cone oracle inverts the problem to certify reachability, return minimal knockdown recipes, or issue a Farkas infeasibility certificate naming genes to activate.",2025-2026
Xing2025,GPerturb,Perturbation-response prediction,"Hanwen Xing, Christopher Yau",2025,Nature Communications,10.1038/s41467-025-61165-7,40593897.0,5.0,partial,no,no,no,yes,partial,no,Perturb-seq (single-cell CRISPR screen) discrete/continuous expression data,prediction (sparse gene-level perturbation effect estimates with uncertainty),"correlational regression fit to noisy scRNA-seq counts, no minimal recipe or infeasibility proof, forward-only and additive (not a convex cone over measured effects)","GPerturb statistically estimates sparse per-gene perturbation effects with credible intervals from noisy single-cell counts, whereas our oracle uses measured effect vectors as a convex cone to issue a falsifiable reachable/infeasible verdict with a minimal knockdown recipe or a Farkas certificate naming genes to activate.",2025-2026
Yu2025,PerturbNet,Perturbation-response prediction,"Hengshi Yu, Weizhou Qian et al.",2025,Molecular Systems Biology,10.1038/s44320-025-00131-3,40640612.0,18.0,partial,no,no,no,yes,no,no,unperturbed scRNA-seq + chemical structure/dose/cell-type or gene functional/sequence embeddings,prediction (generative distribution of post-perturbation single-cell states),"forward generative prediction from a learned latent space, not measured non-negative combinations, so no convex-cone structure, no minimal-recipe or infeasibility proof","PerturbNet forward-predicts a distribution of cell states for a given perturbation via a deep generative embedding, whereas our oracle inverts measured knockdown effects to certify whether a target shift is reachable, returning a minimal recipe or a Farkas infeasibility certificate naming genes to activate instead.",2025-2026
Bai2026b,PertAdapt,Perturbation-response prediction,"Ding Bai, Le Song et al.",2026,"Bioinformatics (Oxford, England)",10.1093/bioinformatics/btag307,42412811.0,0.0,no,no,no,no,yes,partial,no,unperturbed scRNA-seq + perturbation condition (gene ID/embedding) via pretrained FM representations,prediction,"correlational forward predictor built on FM embeddings/attention, no convex structure, no minimal recipe, no infeasibility proof","PertAdapt forward-predicts expression given a perturbation using learned FM attention weights, whereas our oracle inverts the problem, returning a provably minimal knockdown recipe when a target shift is reachable or a Farkas infeasibility certificate naming genes to activate when it is not.",2025-2026
Fu2026,PRIM (Prior-guided Response Inference Model),Perturbation-response prediction,"Xiuhao Fu, Chao Yang et al.",2026,Genome Research,10.1101/gr.281523.125,41887798.0,0.0,partial,no,no,no,yes,yes,no,unperturbed scRNA-seq control-cell expression + perturbation identity priors,prediction (post-perturbation expression change),"forward-only deep learning regressor with no reachability/infeasibility guarantee, no minimal recipe, and no held-out-GENE (unseen gene identity) transfer test — correlational, not certificate-bearing","PRIM forward-predicts expression shifts for given perturbations via a learned deep model with no guarantee, whereas our oracle inverts measured non-negative knockdown effects into a convex cone and returns a provable verdict — reachable with minimal recipe, or infeasible with a Farkas/KKT certificate naming genes to activate instead.",2025-2026
Sengstack2026,TF Perturb-seq rejuvenation screen,Perturbation-response prediction,"Janine Sengstack, Jiashun Zheng et al.",2026,Proceedings of the National Academy of Sciences,10.1073/pnas.2515183123,41512022.0,9.0,yes,no,no,no,yes,no,no,Perturb-seq (CRISPRa/CRISPRi single-TF perturbations) in aged fibroblast model + validation in aged mouse liver,"ranking/prediction of single-TF hits (E2F3, EZH2, STAT3, ZFX) scored on rejuvenation phenotypes","single-perturbation forward screen with no formal reachability model; cannot certify whether a given target state is achievable, cannot output a minimal multi-gene recipe, and gives no infeasibility proof or required-activation set when a state is unreachable","This work empirically screens single TF perturbations and forward-scores their effects on aging phenotypes, whereas our oracle poses reachability as a convex-cone feasibility problem over measured knockdown effects, returning either a minimal multi-gene recipe or a Farkas certificate proving the target is infeasible and naming genes needing activation instead.",2025-2026
Wenkel2026,TxPert,Perturbation-response prediction,"Frederik Wenkel, Wilson Tu et al.",2026,Nature Biotechnology,10.1038/s41587-026-03113-4,42067667.0,1.0,partial,no,no,no,yes,partial,no,perturbation identity + multiple biological knowledge graphs,predicted transcriptomic perturbation effects using KG priors (forward prediction),KG-guided predictor; relies on inferred/curated graph priors and emits no feasibility certificate,TxPert predicts effects using knowledge-graph priors; we use measured effect vectors (not priors) and return a geometric feasibility verdict.,2025-2026
Atti2025,"Foundation Model Benchmarking Study (scGPT/scGPT-like, Geneformer, Seurat v5)",Foundation model,"Srijan Atti, Shankar Subramaniam",2025,bioRxiv (Cold Spring Harbor Laboratory),10.1101/2025.06.26.661767,,5.0,no,no,no,no,partial,no,no,"unperturbed scRNA-seq (Myeloid, hPancreas) + Gaussian-noise-perturbed expression values",cell-type classification prediction,"correlational classifier trained on unperturbed transcriptomic embeddings/tokenization artifacts (binning, rank encoding); no causal or perturbation-effect model, no notion of reachable state space or minimal intervention","This study only measures whether foundation-model embeddings can classify cell types under noise, whereas our oracle uses measured knockdown effect vectors to give a falsifiable reachability verdict—returning a minimal perturbation recipe or a Farkas infeasibility certificate naming genes to activate—something this classification benchmark neither attempts nor can produce.",2025-2026
Fu2025,GET (general expression transformer),Foundation model,"Xi Fu, Shentong Mo et al.",2025,Nature,10.1038/s41586-024-08391-z,39779852.0,98.0,no,no,no,no,yes,partial,no,chromatin accessibility + motifs across human cell types,predicted transcription / regulatory activity; cell-type-general expression model (forward prediction / embedding),predicts expression from regulatory state; cannot certify reachability of a target state or emit an infeasibility proof,GET forward-predicts expression from regulatory inputs; our oracle answers the inverse feasibility question over measured perturbation effect vectors.,2025-2026
Kalfon2025,scPRINT,Foundation model,"Jérémie Kalfon, Jules Samaran et al.",2025,Nature Communications,10.1038/s41467-025-58699-1,40240364.0,36.0,no,no,no,no,yes,no,no,single-cell transcriptomes (~50M cells) for gene-network inference,cell embeddings + inferred gene networks (embedding + GRN),infers networks/embeddings; does not compose measured effects into a feasibility verdict,scPRINT infers networks from expression; we bypass inferred GRNs and reason directly over measured knockdown effect vectors to certify reachability.,2025-2026
Pearce2025,TranscriptFormer,Foundation model,"James D Pearce, Sara E. Simmonds et al.",2025,bioRxiv (Cold Spring Harbor Laboratory) [preprint],10.1101/2025.04.25.650731,,27.0,partial,no,no,no,yes,no,no,cross-species single-cell transcriptomes (generative cell atlas across ~1.5B years of evolution),generative cell-state model / embeddings across species (forward generation / embedding),cross-species generative atlas; no perturbation-reachability formalism or certificate,TranscriptFormer generatively models cell states across species; we certify reachability of a target shift from measured perturbations in one system.,2025-2026
Qiu2025,GRNFormer,Foundation model,"Mufan Qiu, Xi-Jiang Hu et al.",2025,arXiv (Cornell University),10.48550/arxiv.2503.01682,,0.0,no,no,no,no,yes,no,partial,unperturbed scRNA-seq + multi-omics-inferred GRN priors,embedding,"relies on inferred GRN structure from correlational multi-omics data, not measured perturbation effects, and offers no feasibility proof or minimal intervention recipe","GRNFormer learns an embedding from inferred regulatory graphs to improve forward prediction accuracy, whereas our oracle uses measured CRISPRi effect vectors to issue a provable reachable/infeasible verdict with a minimal knockdown recipe or Farkas certificate naming genes to activate.",2025-2026
Rizvi2025,"C2S-Scale (Cell2Sentence, scaling LLMs)",Foundation model,"Syed Asad Rizvi, Daniel Lévine et al.",2025,bioRxiv (Cold Spring Harbor Laboratory) [preprint],10.1101/2025.04.14.648850,41279114.0,32.0,partial,no,no,no,yes,partial,no,single-cell expression rendered as gene 'sentences' for large language models,LLM-based single-cell analysis incl. perturbation-response generation (forward prediction / text),LLM sequence modelling of cells; cannot prove a target state is outside the achievable set,"C2S-Scale generates perturbation responses via an LLM; our oracle gives a geometric, falsifiable feasibility certificate instead of a generated guess.",2025-2026
TejadaLapuerta2025,Nicheformer,Foundation model,"Alejandro Tejada-Lapuerta, Anna C. Schaar et al.",2025,Nature Methods,10.1038/s41592-025-02814-z,41168487.0,51.0,no,no,no,no,yes,no,no,dissociated + spatial single-cell omics (large pretraining),cell/niche embeddings for spatial and single-cell tasks (embedding),"foundation embedding model; no measured-effect geometry, no feasibility certificate",Nicheformer represents cells and niches; our oracle turns measured perturbation effects into a reachable/infeasible decision with a recipe.,2025-2026
Wang2025scGPTspatial,scGPT-spatial,Foundation model,"Chloe Xueqi Wang, Haotian Cui et al.",2025,bioRxiv (Cold Spring Harbor Laboratory) [preprint],10.1101/2025.02.05.636714,,37.0,partial,no,no,no,yes,no,no,single-cell + spatial transcriptomics (continual pretraining of scGPT),spatially-aware cell embeddings / imputation (embedding; forward tasks),spatial foundation model; no perturbation-cone geometry or feasibility verdict,scGPT-spatial embeds spatial cell states; we compute whether a desired state shift is reachable by combining measured knockdowns.,2025-2026
Zeng2025,CellFM,Foundation model,"Yuansong Zeng, Jiancong Xie et al.",2025,Nature Communications,10.1038/s41467-025-59926-5,40393991.0,59.0,partial,no,no,no,yes,no,no,"single-cell transcriptomes (~100M cells, large pretraining corpus)",cell embeddings / representations for downstream tasks (embedding; forward tasks),"an embedding/foundation model; no geometry over perturbation effects, no feasibility verdict",CellFM embeds cells for prediction; our method operates on measured knockdown effect vectors to return a reachable/infeasible verdict.,2025-2026
Bai2026a,scLong,Foundation model,"Ding Bai, Shentong Mo et al.",2026,Nature Communications,10.1038/s41467-026-69102-y,41639087.0,5.0,no,no,no,no,yes,partial,no,unperturbed scRNA-seq (48M cells) + GO gene-graph priors,embedding / forward prediction of perturbation response,"learned correlational embedding over inferred/attention-based gene context, not measured causal effect vectors; no convex-cone structure, no minimal-recipe or infeasibility certificate for reaching a target state","scLong forward-predicts expression responses via a large attention/GNN model trained on correlational scRNA-seq data, whereas our oracle uses measured CRISPRi effect vectors as convex-cone generators to return a falsifiable reachable/infeasible verdict with a minimal knockdown recipe or a Farkas certificate naming genes needing activation.",2025-2026
Demir2026,CellxPert,Foundation model,"Andaç Demir, Erik W. Anderson et al.",2026,arXiv (Cornell University),10.48550/arxiv.2605.00930,,0.0,partial,no,no,no,yes,partial,no,"multi-omics single-cell + spatial data (scRNA-seq, ATAC-seq, CITE-seq, MERFISH, IMC)",prediction/trajectory (embedding + predicted transcriptomic response to given perturbations),"learned foundation-model prior over tokenized expression states, not measured perturbation effects; no convexity structure, so cannot certify whether a target state is reachable or return a minimal/necessary gene set","CellxPert stochastically samples plausible forward transcriptomic trajectories from a learned masked-language-model prior, whereas our oracle uses measured CRISPRi effect vectors to build a convex cone and returns a provable verdict—reachable with minimal knockdown recipe, or infeasible with a Farkas certificate naming genes to activate instead.",2025-2026
Alatkar2025,ARTEMIS,Virtual-cell / large perturbation model,"Sayali Alatkar, Daifeng Wang",2025,Bioinformatics,10.1093/bioinformatics/btaf218,40662824.0,3.0,no,no,no,no,yes,no,no,"time-series scRNA-seq (unperturbed, snapshot timepoints)",trajectory + embedding + drift-gene ranking,"relies on a learned SDE/VAE dynamics model fit to unperturbed time-series, not measured perturbation effects, so it can only simulate forward outcomes with no reachability proof or minimal recipe","ARTEMIS forward-simulates continuous expression/population dynamics from a learned generative model of unperturbed time-series, whereas our oracle uses measured CRISPRi effect vectors in a convex cone to return a falsifiable reachable/infeasible verdict with a minimal knockdown recipe or Farkas certificate naming genes to activate.",2025-2026
Qian2025,Grow AI virtual cells (position/roadmap),Virtual-cell / large perturbation model,"Liujia Qian, Zhen Dong et al.",2025,Cell Research,10.1038/s41422-025-01101-y,40128605.0,40.0,partial,no,no,no,no,no,no,perspective — multi-omics data pillars + closed-loop experimental design,roadmap/position paper for building AI virtual cells (no method output),conceptual roadmap; provides no falsifiable feasibility test,This roadmap calls for predictive virtual cells; our oracle is a concrete falsifiable step — a convex-geometry reachability verdict from measured perturbations.,2025-2026
Roohani2025,Virtual Cell Challenge,Virtual-cell / large perturbation model,"Yusuf Roohani, Tony J. Hua et al.",2025,Cell,10.1016/j.cell.2025.06.008,40578317.0,59.0,partial,no,no,no,yes,no,no,"community benchmark: perturbation + context inputs, held-out perturbation-response evaluation",challenge/benchmark defining a Turing-test-style evaluation for virtual-cell perturbation prediction,scores predictive accuracy only; no notion of a reachable set or an infeasibility certificate,"The Challenge measures how well models predict perturbation effects; we instead certify whether a target shift is reachable at all, and if not, which genes must be activated.",2025-2026
Chen2026,"SCALE (set-aware flow, conditional transport)",Virtual-cell / large perturbation model,"Shuizhou Chen, Lang Yu et al.",2026,arXiv (Cornell University),10.48550/arxiv.2603.17380,,0.0,partial,no,no,no,yes,no,no,"unperturbed scRNA-seq + perturbation identity (genetic/chemical/cytokine), trained on Tahoe-100M",prediction (predicted perturbed expression distribution/endpoint),"forward generative/transport model over learned latent space—correlational, no reachability proof, no minimal perturbation recipe, no infeasibility certificate","SCALE learns a flow-based transport map to forward-predict cell states from given perturbations, whereas our oracle uses measured knockdown effects as convex-cone generators to issue a falsifiable reachable/infeasible verdict with a minimal recipe or Farkas certificate naming genes to activate instead.",2025-2026
Mao2026,VCBench (VC benchmarking framework),Virtual-cell / large perturbation model,"Xinjie Mao, Songming Zhang et al.",2026,arXiv (Cornell University),10.48550/arxiv.2604.27646,,1.0,partial,no,no,no,yes,no,no,perturbation datasets (Perturb-seq/scRNA-seq) + candidate VC models,ranking,"purely an evaluation harness for forward-predictive models trained on inferred/correlational associations; no reachability semantics, no minimal recipe, no infeasibility proof","VCBench scores how well forward-predictive VC models forecast known perturbation outcomes, whereas our oracle answers reachability directly from measured effects, returning either a minimal knockdown recipe or a Farkas infeasibility certificate naming genes to activate—a falsifiable verdict no benchmarked model produces.",2025-2026
Vollenweider2026,"SBB Principles (Signal, Bounds, Baselines)",Virtual-cell / large perturbation model,"Michael Vollenweider, Peter Bühlmann",2026,bioRxiv (Cold Spring Harbor Laboratory),10.64898/2026.04.20.719650,,1.0,partial,no,no,no,yes,partial,no,predicted vs ground-truth transcriptomic perturbation datasets (single and double perturbations),calibrated evaluation metrics / diagnostic scores / baseline benchmarks,"it is an evaluation/benchmarking framework for scoring other forward-prediction models' outputs, not a predictive or reachability system itself; produces no recipes, no feasibility verdicts, no certificates - only calibrated performance metrics","SBB is a metrics-and-baselines framework for judging how well forward-prediction models score, whereas our oracle is itself a decision system that returns a falsifiable reachable/infeasible verdict with a minimal knockdown recipe or a Farkas infeasibility certificate derived from measured convex-cone effects.",2025-2026
Wang2026,AROMA,Virtual-cell / large perturbation model,"Zhenyu Wang, Geyan Ye et al.",2026,arXiv (Cornell University),10.48550/arxiv.2604.20263,,0.0,no,no,no,no,yes,partial,no,"textual evidence + graph-topology (knowledge graphs) + protein sequence features, multimodal",prediction,"relies on inferred multimodal knowledge (text/KG/sequence) rather than measured perturbation effects; no convex-cone structure, no minimal recipe, no infeasibility proof - purely correlational/retrieval-based reasoning","AROMA produces LLM-style reasoning-augmented forward predictions of perturbation response from heterogeneous knowledge sources, whereas our oracle uses measured CRISPRi effect vectors in a convex cone to return a falsifiable reachable/infeasible verdict with a minimal knockdown recipe or a Farkas certificate naming genes needing activation.",2025-2026
Zhang2026,Lingshu-Cell (masked discrete diffusion world model),Virtual-cell / large perturbation model,"Han Zhang, Guo-Hua Yuan et al.",2026,arXiv (Cornell University),10.48550/arxiv.2603.25240,,0.0,partial,no,no,no,yes,partial,no,"unperturbed + perturbed scRNA-seq (Perturb-seq, cytokine panels) with cell type/donor identity, ~18k-gene discrete tokens",generative prediction / distribution simulation,"correlational generative model over learned latent token distribution, not measured non-negative-effect cone; cannot certify infeasibility or return minimal knockdown recipes","Lingshu-Cell forward-simulates plausible transcriptomes for given perturbations via a learned diffusion prior, whereas our oracle answers reachability directly from measured CRISPRi effect vectors, returning either a minimal knockdown recipe or a Farkas/KKT certificate proving a target state is unreachable and naming genes to activate instead.",2025-2026
Gonzalez2025,Causally-inspired combinatorial perturbation prediction,Combinatorial data / OT / design,"Guadalupe Gonzalez, Xiang Lin et al.",2025,Nature Biomedical Engineering,10.1038/s41551-025-01481-x,40925962.0,18.0,partial,no,no,no,yes,yes,no,single/paired perturbation data + causal structure priors,predicted effects of combinatorial therapeutic perturbations + candidate ranking (forward prediction/ranking),ranks candidate combinations by predicted effect but cannot prove a target state is outside the achievable set,Gonzalez et al. rank predicted combinations; our oracle proves reachability and returns the minimal knockdown set or a Farkas certificate of infeasibility.,2025-2026
Klein2025b,moscot (multi-omics single-cell optimal transport),Combinatorial data / OT / design,"Dominik Klein, Giovanni Palla et al.",2025,Nature,10.1038/s41586-024-08453-2,39843746.0,127.0,partial,no,no,no,yes,no,no,"multimodal single-cell/spatial/temporal genomics data (scRNA-seq, ATAC, spatial transcriptomics, time series)",trajectory / alignment / mapping / embedding,"unsupervised correlational coupling of observed states, not a causal perturbation model—no perturbation vectors, no combination logic, no notion of a reachable set or infeasibility, and no minimal intervention recipe","moscot aligns and interpolates observed cell distributions across time/space via optimal transport couplings, whereas our oracle uses measured CRISPRi effect vectors as generators of a convex cone to give a falsifiable reachable/infeasible verdict with a minimal knockdown recipe or Farkas certificate naming genes to activate instead.",2025-2026
Driessen2026,CAR-OT (conditional optimal transport for CAR response),Combinatorial data / OT / design,"Alice Driessen, Jannis Born et al.",2026,Cell Systems,10.1016/j.cels.2026.101591,42025164.0,1.0,partial,no,no,no,yes,partial,no,scRNA-seq of CAR-T cells expressing diverse CAR variants + protein language model embeddings of CAR sequence/design,prediction,"correlational forward generative model over inferred transport maps between distributions; no reachability proof, no minimal perturbation recipe, no infeasibility certificate","CAR-OT forward-predicts transcriptomic shifts for a given CAR design via learned optimal transport, whereas our oracle inverts measured knockdown effects to prove reachability or issue a Farkas infeasibility certificate naming genes to activate, with a minimal recipe when feasible.",2025-2026
AhlmannEltze2025,Linear-baseline benchmark of perturbation models,Benchmark / other,"Constantin Ahlmann-Eltze, Wolfgang Huber et al.",2025,Nature Methods,10.1038/s41592-025-02772-6,40759747.0,96.0,yes,no,no,no,yes,partial,no,genetic Perturb-seq datasets; compares deep models vs simple linear/additive baselines,"critical benchmark finding (evaluation, not a predictor)","a benchmark, not a method; but its headline supports honest positioning of any predictive model",Ahlmann-Eltze et al. show deep predictors barely beat linear baselines — motivating our shift from accuracy-chasing prediction to a falsifiable geometric feasibility verdict.,2025-2026
Csendes2025,Benchmark of foundation models for post-perturbation RNA-seq,Benchmark / other,"Gerold Csendes, Gema Sanz et al.",2025,BMC Genomics,10.1186/s12864-025-11600-2,40269681.0,34.0,no,no,no,no,yes,no,no,foundation-model predictions of post-perturbation bulk/pseudobulk RNA-seq,benchmark finding (evaluation),"benchmark, not a method; supports honest positioning","Csendes et al. find foundation models weak at post-perturbation prediction — motivating a method that returns certificates, not just predictions.",2025-2026
Kedzierska2025,Zero-shot evaluation of single-cell foundation models,Benchmark / other,"Kasia Z. Kedzierska, Lorin Crawford et al.",2025,Genome biology,10.1186/s13059-025-03574-x,40251685.0,65.0,no,no,no,no,yes,no,no,"single-cell foundation-model embeddings (scGPT, Geneformer, etc.)",critical benchmark of zero-shot embedding quality (evaluation),"benchmark, not a method; documents foundation-model limitations relevant to honest positioning",Kedzierska et al. show foundation-model embeddings underperform simple baselines zero-shot — reinforcing our choice of measured effects and explicit geometry over learned embeddings.,2025-2026
Kernfeld2025,Comparison of expression-forecasting (perturbation) methods,Benchmark / other,"Eric Kernfeld, Yunxiao Yang et al.",2025,Genome biology,10.1186/s13059-025-03840-y,41250104.0,6.0,partial,no,no,no,yes,partial,no,perturbation datasets; comparison of expression-forecasting/in-silico perturbation methods,benchmark/comparison finding (evaluation),"benchmark, not a method; documents modest predictive gains",Kernfeld et al. document weak forecasting gains; our oracle offers a categorically different output — a geometric feasibility certificate.,2025-2026
Luecken2025,Open Problems in single-cell analysis (benchmark platform),Benchmark / other,"Malte D. Luecken, Scott Gigante et al.",2025,Nature Biotechnology,10.1038/s41587-025-02694-w,40595413.0,31.0,partial,no,no,no,yes,partial,no,community benchmarking platform incl. perturbation-prediction tasks,standardized open benchmarks + leaderboards (evaluation infrastructure),"benchmark platform, not a method; no reachability formalism",Open Problems standardizes forward-prediction benchmarks; our contribution is a new output type (a feasibility certificate) that such accuracy benchmarks do not score.,2025-2026
Vinas2025,Systema,Benchmark / other,"Ramón Viñas, Maciej Wiatrak et al.",2025,Nature Biotechnology,10.1038/s41587-025-02777-8,40854979.0,31.0,partial,no,no,no,yes,no,no,genetic-perturbation datasets; standardized evaluation of perturbation-response predictors,benchmark framework + finding (evaluation),"benchmark, not a method; supports our positioning that forward accuracy alone is weak",Systema exposes weak generalisation of perturbation predictors; we sidestep the accuracy race by returning a falsifiable reachability certificate.,2025-2026
Wei2025,Benchmark of generalizable single-cell perturbation prediction,Benchmark / other,"Zhiting Wei, Yiheng Wang et al.",2025,Nature Methods,10.1038/s41592-025-02980-0,41381899.0,15.0,partial,no,no,no,yes,partial,no,single-cell perturbation datasets across contexts,benchmark of algorithms for generalizable perturbation response (evaluation),"benchmark, not a method; documents generalisation gaps",This benchmark measures predictive generalisation; our oracle instead delivers a provable reachable/outside verdict from measured effects.,2025-2026
Wu2025,Biology-driven insights into single-cell foundation models,Benchmark / other,"Jialu Wu, Qing Ye et al.",2025,Genome biology,10.1186/s13059-025-03781-6,41044630.0,15.0,no,no,no,no,partial,no,no,single-cell foundation models evaluated on biologically-motivated tasks,critical evaluation of when foundation models add biological value (evaluation),"evaluation, not a method; supports honest positioning","Wu et al. question the added biological value of foundation models; we deliver an explicit, falsifiable geometric result rather than a learned representation.",2025-2026
Zhang2025Tahoe,Tahoe-100M,Benchmark / other,"Jesse Zhang, Airol A Ubas et al.",2025,bioRxiv (Cold Spring Harbor Laboratory) [preprint],10.1101/2025.02.20.639398,,85.0,yes,no,no,no,partial,no,no,"giga-scale scRNA-seq of ~100M cells across 50 cell lines x 1,100+ drug treatments (dataset resource)","perturbation atlas / training corpus + context-transfer benchmarks (dataset, not an oracle)","a dataset, not a method; supplies measured drug responses but no geometry or feasibility reasoning over them",Tahoe-100M is the measured-response substrate; our contribution is the convex-cone geometry that turns such measured effect vectors into a falsifiable reachability verdict.,2025-2026
ThisWork,Convex-cone reachability oracle (this work),Reachability oracle (this work),This work,2025,—,,,,yes,yes,yes,yes,yes,partial,yes,Measured CRISPRi/CRISPRa effect vectors (differential-expression signatures) from a genome-scale Perturb-seq screen,Falsifiable reachable / provably-outside-the-cone VERDICT + minimal recipe + activation certificate,"Linear-additivity of co-perturbations is a bounded approximation (epistasis untested at scale); LOF cone cannot supply activation, surfaced honestly as the certificate",—,this work
